name,category,final_pnl,pnl_osmium,pnl_pepper,max_drawdown,sharpe,sortino,calmar,trade_count
imc_day_-2,imc,42077.0,3255.0,38822.0,1590392.5,0.0015688157046446977,0.0016736010713409937,0.026456990962922675,186
imc_day_-1,imc,43327.0,4482.0,38845.0,1594187.0,0.001666087588034639,0.0017822783909636009,0.027178116494489042,212
imc_day_0,imc,42428.0,3259.0,39169.0,1597892.0,0.001506388525455606,0.0015986203083554317,0.026552482896215764,203
