name,category,final_pnl,pnl_osmium,pnl_pepper,max_drawdown,sharpe,sortino,calmar,trade_count
imc_day_-2,imc,82701.0,3109.0,79592.0,1676520.0,0.002131331551545484,0.0022940600463542443,0.04932896714623148,224
imc_day_-1,imc,83488.0,4239.0,79249.0,1737411.0,0.00209823998311706,0.0022464629981647356,0.04805310890744907,255
imc_day_0,imc,82591.0,3191.0,79400.0,1840280.0,0.0019597568969197546,0.002073168782063218,0.04487958354163497,240
