name,category,final_pnl,pnl_osmium,pnl_pepper,max_drawdown,sharpe,sortino,calmar,trade_count
imc_day_-2,imc,78593.0,3109.0,75484.0,1676520.0,0.0020882999098346218,0.002242731851153041,0.04687865340109274,231
imc_day_-1,imc,79672.0,4239.0,75433.0,1737411.0,0.0020653366148664443,0.002197593869939238,0.04585673740985869,261
imc_day_0,imc,77570.0,3191.0,74379.0,1840280.0,0.0019209931622408396,0.002022718701476645,0.04215119438346339,249
