name,category,final_pnl,pnl_osmium,pnl_pepper,max_drawdown,sharpe,sortino,calmar,trade_count,rt_wins,rt_losses,rt_pushes,trade_win_rate,avg_win,avg_loss,profit_factor
imc_round_2_day_-1,imc,82193.0,3805.0,78388.0,1523180.0,0.0023461244658056195,0.002455385578916004,0.053961449073648554,150,126,0,0,1.0,29.674603174603174,0.0,inf
imc_round_2_day_0,imc,83231.0,4670.0,78561.0,1840400.0,0.002096581722540063,0.002231667743312724,0.04522440773744838,168,136,0,0,1.0,33.49264705882353,0.0,inf
imc_round_2_day_1,imc,82726.0,4449.0,78277.0,1626324.5,0.0020443183792038656,0.0021166108766173756,0.05086684729892466,164,129,0,0,1.0,33.666666666666664,0.0,inf
