name,category,final_pnl,max_drawdown,sharpe,trade_count,pnl_INTARIAN_PEPPER_ROOT,pnl_ASH_COATED_OSMIUM
imc_r2_round_2_day_-1,round_2,527095.0,760.0,37.42549063005925,42256,145969.0,381126.0
imc_r2_round_2_day_0,round_2,521580.0,944.0,34.756181358671334,42081,150809.0,370771.0
imc_r2_round_2_day_1,round_2,538081.0,983.0,33.1851594731851,42157,158823.0,379258.0
