name,category,final_pnl,pnl_osmium,pnl_pepper,max_drawdown,sharpe,sortino,calmar,trade_count
imc_round_1_day_-1,imc,82946.0,7513.0,75433.0,1737232.0,0.0021356149457212982,0.0022861749680234467,0.04774606960958582,330
imc_round_1_day_-2,imc,80811.0,5327.0,75484.0,1676520.0,0.0020996629030632253,0.002273105698148933,0.048201631951900366,251
imc_round_1_day_0,imc,80590.0,6211.0,74379.0,1840280.0,0.001999635366880972,0.002114754262586616,0.043792249005586106,311
imc_round_2_day_-1,imc,83732.0,7360.0,76372.0,1736930.0,0.00219220706696323,0.0023218643278382902,0.04820689377234546,324
imc_round_2_day_0,imc,78752.0,6092.0,72660.0,1840400.0,0.0019525719987247131,0.002078233862041931,0.04279069767441861,290
imc_round_2_day_1,imc,76670.0,8383.0,68287.0,1916147.0,0.0018416087329337194,0.001960596850491253,0.04001258776075113,344
