name,category,final_pnl,max_drawdown,sharpe,trade_count,pnl_INTARIAN_PEPPER_ROOT,pnl_ASH_COATED_OSMIUM
imc_r1_round_1_day_-1,round_1,527048.0,930.0,36.82075801341982,42117,145074.0,381974.0
imc_r1_round_1_day_-2,round_1,510945.0,800.0,39.2637416021546,41952,139143.5,371801.5
imc_r1_round_1_day_0,round_1,522073.0,1018.5,34.25054355464983,42116,153057.0,369016.0
imc_r2_round_2_day_-1,round_2,526801.0,758.0,37.29704853640738,42275,145998.0,380803.0
imc_r2_round_2_day_0,round_2,521930.0,948.0,34.64463047719684,42098,150930.0,371000.0
imc_r2_round_2_day_1,round_2,538750.0,993.5,33.11990602277085,42193,159065.0,379685.0
