name,category,final_pnl,pnl_osmium,pnl_pepper,max_drawdown,sharpe,sortino,calmar,trade_count,rt_wins,rt_losses,rt_pushes,trade_win_rate,avg_win,avg_loss,profit_factor
imc_round_2_day_-1,imc,72402.0,3708.0,68694.0,1015910.5,0.002226506926656465,0.0023188365444484697,0.07126808906886975,192,158,6,0,0.9634146341463414,23.481012658227847,-8.833333333333334,70.0
imc_round_2_day_0,imc,74193.0,5556.0,68637.0,1840400.0,0.001994688270613977,0.002100649543092174,0.040313518800260816,220,181,1,1,0.9945054945054945,30.093922651933703,-2.0,2723.5
imc_round_2_day_1,imc,66893.0,3853.0,63040.0,1206949.0,0.0018370535654927999,0.0019189545196613808,0.055423220036637834,189,142,11,3,0.9281045751633987,28.619718309859156,-11.090909090909092,33.31147540983606
