name,category,final_pnl,max_drawdown,sharpe,trade_count,pnl_INTARIAN_PEPPER_ROOT,pnl_ASH_COATED_OSMIUM
imc_r2_round_2_day_-1,round_2,522746.0,768.0,37.86458085064902,42283,145998.0,376748.0
imc_r2_round_2_day_0,round_2,511413.0,908.0,34.491308621599174,42188,150930.0,360483.0
imc_r2_round_2_day_1,round_2,531580.0,957.5,33.167485357423075,42248,159065.0,372515.0
