name,category,final_pnl,max_drawdown,sharpe,trade_count,pnl_INTARIAN_PEPPER_ROOT,pnl_ASH_COATED_OSMIUM
imc_r1_round_1_day_-1,round_1,701190.0,888.5,50.162161616901734,44194,163778.0,537412.0
imc_r1_round_1_day_-2,round_1,659197.5,920.0,51.976752255352295,43323,155653.5,503544.0
imc_r1_round_1_day_0,round_1,654089.0,1245.0,42.47500057821174,42204,173026.0,481063.0
imc_r2_round_2_day_-1,round_2,703104.0,855.0,51.39720210888519,44237,164164.0,538940.0
imc_r2_round_2_day_0,round_2,661371.0,982.0,43.943348471654886,42355,172610.0,488761.0
imc_r2_round_2_day_1,round_2,706427.0,944.5,44.43839882067605,43841,180355.0,526072.0
