name,category,final_pnl,pnl_osmium,pnl_pepper,max_drawdown,sharpe,sortino,calmar,trade_count,rt_wins,rt_losses,rt_pushes,trade_win_rate,avg_win,avg_loss,profit_factor
imc_round_1_day_-1,imc,80179.0,2386.0,77793.0,1367815.0,0.0023044666716811896,0.0024281857530127834,0.05861830730032936,63,44,0,0,1.0,44.81818181818182,0.0,inf
imc_round_1_day_-2,imc,79862.0,2100.0,77762.0,1147100.5,0.0023959383083001873,0.00253294944887351,0.06962075249727465,66,39,0,0,1.0,46.69230769230769,0.0,inf
imc_round_1_day_0,imc,81947.0,3775.0,78172.0,1660136.0,0.0021632974352209016,0.0022372784387820082,0.04936161856618976,94,62,0,0,1.0,56.91935483870968,0.0,inf
imc_round_2_day_-1,imc,80267.0,1879.0,78388.0,1288563.0,0.0023737842832179806,0.002467901220925016,0.062291870867004565,59,38,0,0,1.0,42.89473684210526,0.0,inf
imc_round_2_day_0,imc,82469.0,3878.0,78591.0,1840400.0,0.002130999702298117,0.0022271835748314986,0.04481036731145403,95,68,0,0,1.0,54.30882352941177,0.0,inf
imc_round_2_day_1,imc,79927.0,2211.0,77716.0,1438838.0,0.0020183890985035493,0.0020780083051490468,0.05554968662212146,67,41,0,0,1.0,48.4390243902439,0.0,inf
