name,category,final_pnl,max_drawdown,sharpe,trade_count,pnl_INTARIAN_PEPPER_ROOT,pnl_ASH_COATED_OSMIUM
imc_r2_round_2_day_-1,round_2,538158.0,820.0,38.93168435120711,42271,145962.0,392196.0
imc_r2_round_2_day_0,round_2,537282.0,888.0,36.54673524679199,42152,150763.0,386519.0
imc_r2_round_2_day_1,round_2,548479.0,959.0,34.3882489961245,42168,158776.0,389703.0
