name,category,final_pnl,pnl_osmium,pnl_pepper,max_drawdown,sharpe,sortino,calmar,trade_count
imc_round_1_day_-1,imc,81979.0,3668.0,78311.0,1737614.0,0.002101231136873333,0.0022522237194690913,0.04717906278379433,356
imc_round_1_day_-2,imc,81448.0,2337.0,79111.0,1656555.0,0.002146437109823047,0.0023079167897384063,0.049167096776140846,326
imc_round_1_day_0,imc,80981.0,2232.0,78749.0,1840280.0,0.0019622496078432737,0.0020702883499446652,0.04400471667354968,359
imc_round_2_day_-1,imc,82457.0,3311.0,79146.0,1737233.0,0.002155794664116037,0.0022893873569189887,0.04746456002159757,350
imc_round_2_day_0,imc,81258.0,2241.0,79017.0,1840400.0,0.001933706201681218,0.0020758751138413257,0.0441523581830037,307
imc_round_2_day_1,imc,82336.0,3251.0,79085.0,1900646.0,0.0018655188224983132,0.0019950836233505885,0.043320008039371874,340
