name,category,final_pnl,max_drawdown,sharpe,trade_count,pnl_INTARIAN_PEPPER_ROOT,pnl_ASH_COATED_OSMIUM
imc_r2_round_2_day_-1,round_2,349047.0,282.0,66.1048519188513,42086,95220.0,253827.0
imc_r2_round_2_day_0,round_2,348502.0,338.0,60.06521403880565,42221,100139.0,248363.0
imc_r2_round_2_day_1,round_2,359909.0,347.0,59.711556438415805,42000,106728.0,253181.0
