name,category,final_pnl,max_drawdown,sharpe,trade_count,pnl_INTARIAN_PEPPER_ROOT,pnl_ASH_COATED_OSMIUM
imc_r1_round_1_day_-1,round_1,82957.0,1040.0,4.842677253675575,330,75433.0,7524.0
imc_r1_round_1_day_-2,round_1,80818.0,1120.0,4.671935548230144,252,75484.0,5334.0
imc_r1_round_1_day_0,round_1,80607.0,1292.0,4.583858402303929,313,74379.0,6228.0
imc_r2_round_2_day_-1,round_2,83852.0,1360.0,4.994224315124424,323,76461.0,7391.0
imc_r2_round_2_day_0,round_2,78823.0,1200.0,4.629600311951886,291,72660.0,6163.0
imc_r2_round_2_day_1,round_2,76679.0,1588.0,4.27431092303746,343,68287.0,8392.0
