name,category,final_pnl,pnl_osmium,pnl_pepper,max_drawdown,sharpe,sortino,calmar,trade_count
imc_day_-2,imc,5548.0,5548.0,0.0,1598821.0,0.00021529781177489398,0.00019879457636207568,0.003470056998250586,214
imc_day_-1,imc,6506.0,6506.0,0.0,1598921.0,0.0002883319693440463,0.0002638345112359053,0.00406899402784753,235
imc_day_0,imc,5477.0,5477.0,0.0,1599115.0,0.0002547740165386023,0.0002309440472168143,0.0034250194638909648,222
