name,category,final_pnl,pnl_osmium,pnl_pepper,max_drawdown,sharpe,sortino,calmar,trade_count
imc_day_-2,imc,2508.0,2508.0,0.0,1599550.0,9.888597966795115e-05,9.161091830517988e-05,0.0015679409834015816,176
imc_day_-1,imc,3649.0,3649.0,0.0,1599571.0,0.00016408259909730675,0.0001502761630871152,0.0022812366565785453,192
imc_day_0,imc,2616.0,2616.0,0.0,1599700.0,0.00011553447308820135,0.00010471674181224247,0.0016353066199912484,197
