name,category,final_pnl,pnl_osmium,pnl_pepper,max_drawdown,sharpe,sortino,calmar,trade_count
imc_day_-2,imc,60493.0,3109.0,57384.0,1597772.0,0.001851833939527167,0.001997477436761215,0.03786084622837301,228
imc_day_-1,imc,61609.0,4239.0,57370.0,1596931.0,0.0019075555459608365,0.0020416128141672388,0.038579625544247056,257
imc_day_0,imc,61070.0,3191.0,57879.0,1598550.0,0.0017948223998095873,0.0019075797813300002,0.03820337180569892,244
