name,category,final_pnl,pnl_osmium,pnl_pepper,max_drawdown,sharpe,sortino,calmar,trade_count
imc_day_-2,imc,80389.0,4905.0,75484.0,1676520.0,0.0020680725572357903,0.0022367977866198734,0.047949920072531196,256
imc_day_-1,imc,82273.0,7137.0,75136.0,1737232.0,0.002099620032893909,0.00224835027616382,0.047358671726056165,340
imc_day_0,imc,80091.0,5712.0,74379.0,1840280.0,0.001970756934400145,0.0020843768848148006,0.04352109461603669,320
