metric,value
fills,1695.0
total_qty,13082.0
taker_ratio,0.5669616519174041
avg_spread,7.578761061946903
avg_edge_vs_mid,-1.8212389380530973
avg_alpha_50,-1.7221238938053098
